{
  "@context": ["http://www.w3.org/ns/csvw",{"@language": "cs"}],
  "url": "pet1.csv",
  "dc:description": "Data z tiskopisu T/1 zápisu komise v kompletní podobě (široká struktura) - hlasy", 
  "tableSchema": { 
    "columns": [{
      "name": "TYP_FORM",
      "titles": "TYP_FORM",
      "dc:description": "Obsah dat ve větě (1 = T/1)",
      "required": true,
      "datatype": "number"
    },{
      "name": "OPRAVA",
      "titles": "OPRAVA",
      "dc:description": "Příznak dodatečné opravy na přebíracím místě v případě chyby (1 = opraven, 0 = neopraven)",
      "required": true,
      "datatype": "number"
    },{
      "name": "CHYBA",
      "titles": "CHYBA",
      "dc:description": "Příznak chyby (pustitelné) v datech (1 = je chyba, 0 = není chyba)",
      "required": true,
      "datatype": "number"
    },{
      "name": "OKRES",
      "titles": "OKRES",
      "dc:description": "Kód okresu dle CNUMNUTS",
      "required": true,
      "datatype": "number"
    },{
      "name": "OBEC",
      "titles": "OBEC",
      "dc:description": "Kód obce dle COCO",
      "required": true,
      "datatype": "number"
    },{
      "name": "OKRSEK",
      "titles": "OKRSEK",
      "dc:description": "Číslo okrsku v rámci obce",
      "required": true,
      "datatype": "number"
    },{
      "name": "KC_1",
      "titles": "KC_1",
      "dc:description": "Kontrolní číslo 1 (MODULO7)",
      "required": true,
      "datatype": "number"
    },{
      "name": "KOLO",
      "titles": "KOLO",
      "dc:description": "Číslo kola volby (1 nebo 2)",
      "required": true,
      "datatype": "number"
    },{
      "name": "VOL_SEZNAM",
      "titles": "VOL_SEZNAM",
      "dc:description": "Počet osob, zapsaných do výpisu ze stálého a zvláštního seznamu",
      "required": true,
      "datatype": "number"
    },{
      "name": "VYD_OBALKY",
      "titles": "VYD_OBALKY",
      "dc:description": "Počet voličů, kterým byly vydány úřední obálky",
      "required": true,
      "datatype": "number"
    },{
      "name": "ODEVZ_OBAL",
      "titles": "ODEVZ_OBAL",
      "dc:description": "Počet odevzdaných úředních obálek",
      "required": true,
      "datatype": "number"
    },{
      "name": "PL_HL_CELK",
      "titles": "PL_HL_CELK",
      "dc:description": "Počet platných hlasů ve volebním okrsku celkem",
      "required": true,
      "datatype": "number"
    },{
      "name": "KC_2",
      "titles": "KC_2",
      "dc:description": "Kontrolní číslo 2",
      "required": true,
      "datatype": "number"
    },{
      "name": "HLASY_01",
      "titles": "HLASY_01",
      "dc:description": "Počet hlasů pro kandidáta s pořadovým číslem 1",
      "required": true,
      "datatype": "number"
    },{
      "name": "HLASY_02",
      "titles": "HLASY_02",
      "dc:description": "Počet hlasů pro kandidáta s pořadovým číslem 2",
      "required": true,
      "datatype": "number"
    },{
      "name": "HLASY_03",
      "titles": "HLASY_03",
      "dc:description": "Počet hlasů pro kandidáta s pořadovým číslem 3",
      "required": true,
      "datatype": "number"
    },{
      "name": "HLASY_04",
      "titles": "HLASY_04",
      "dc:description": "Počet hlasů pro kandidáta s pořadovým číslem 4",
      "required": true,
      "datatype": "number"
    },{
      "name": "HLASY_05",
      "titles": "HLASY_05",
      "dc:description": "Počet hlasů pro kandidáta s pořadovým číslem 5",
      "required": true,
      "datatype": "number"
    },{
      "name": "HLASY_06",
      "titles": "HLASY_06",
      "dc:description": "Počet hlasů pro kandidáta s pořadovým číslem 6",
      "required": true,
      "datatype": "number"
    },{
      "name": "HLASY_07",
      "titles": "HLASY_07",
      "dc:description": "Počet hlasů pro kandidáta s pořadovým číslem 7",
      "required": true,
      "datatype": "number"
    },{
      "name": "HLASY_08",
      "titles": "HLASY_08",
      "dc:description": "Počet hlasů pro kandidáta s pořadovým číslem 8",
      "required": true,
      "datatype": "number"
    },{
      "name": "HLASY_09",
      "titles": "HLASY_09",
      "dc:description": "Počet hlasů pro kandidáta s pořadovým číslem 9",
      "required": true,
      "datatype": "number"
    },{
      "name": "HLASY_10",
      "titles": "HLASY_10",
      "dc:description": "Počet hlasů pro kandidáta s pořadovým číslem 10",
      "required": true,
      "datatype": "number"
    },{
      "name": "HLASY_11",
      "titles": "HLASY_11",
      "dc:description": "Počet hlasů pro kandidáta s pořadovým číslem 11",
      "required": true,
      "datatype": "number"
    },{
      "name": "HLASY_12",
      "titles": "HLASY_12",
      "dc:description": "Počet hlasů pro kandidáta s pořadovým číslem 12",
      "required": true,
      "datatype": "number"
    },{
      "name": "HLASY_13",
      "titles": "HLASY_13",
      "dc:description": "Počet hlasů pro kandidáta s pořadovým číslem 13",
      "required": true,
      "datatype": "number"
    },{
      "name": "HLASY_14",
      "titles": "HLASY_14",
      "dc:description": "Počet hlasů pro kandidáta s pořadovým číslem 14",
      "required": true,
      "datatype": "number"
    },{
      "name": "HLASY_15",
      "titles": "HLASY_15",
      "dc:description": "Počet hlasů pro kandidáta s pořadovým číslem 15",
      "required": true,
      "datatype": "number"
    },{
      "name": "HLASY_16",
      "titles": "HLASY_16",
      "dc:description": "Počet hlasů pro kandidáta s pořadovým číslem 16",
      "required": true,
      "datatype": "number"
    },{
      "name": "HLASY_17",
      "titles": "HLASY_17",
      "dc:description": "Počet hlasů pro kandidáta s pořadovým číslem 17",
      "required": true,
      "datatype": "number"
    },{
      "name": "HLASY_18",
      "titles": "HLASY_18",
      "dc:description": "Počet hlasů pro kandidáta s pořadovým číslem 18",
      "required": true,
      "datatype": "number"
    },{
      "name": "HLASY_19",
      "titles": "HLASY_19",
      "dc:description": "Počet hlasů pro kandidáta s pořadovým číslem 19",
      "required": true,
      "datatype": "number"
    },{
      "name": "HLASY_20",
      "titles": "HLASY_20",
      "dc:description": "Počet hlasů pro kandidáta s pořadovým číslem 20",
      "required": true,
      "datatype": "number"
    },{
      "name": "KC_3",
      "titles": "KC_3",
      "dc:description": "Kontrolní číslo 3",
      "required": true,
      "datatype": "number"
    },{
      "name": "KC_4",
      "titles": "KC_4",
      "dc:description": "Kontrolní číslo 4",
      "required": true,
      "datatype": "number"
    },{
      "name": "POSL_KAND",
      "titles": "POSL_KAND",
      "dc:description": "Poslední číslo kandidáta, který získal hlasy",
      "required": true,
      "datatype": "number"
    },{
      "name": "KC_SUM",
      "titles": "KC_SUM",
      "dc:description": "Sumární kontrolní číslo přílohy T1",
      "required": true,
      "datatype": "number"
    }
    ],
    "primaryKey": ["KOLO","OBEC","OKRSEK"]
  }
}
